sample,expID,CollectionID,SideID,site_name,type,lat,long,trench,province,rock_type,new_water_type,alt,temp,ph,spc,sal,do,orp,alk,fe2,si,dic,dic_d13,d18o,d2h,co2,s,he,h2,o2,ar,n2,ch4,co,ch4_d13,co2_d13,ng_phase,he4,r_ra,rc_ra,X,he4_ne20,co2_3he,co2_4he,na,nh4,k,mg,ca,cl,no2,br,no3,po4,so4,h2s,V,Mn,Fe,Co,Ni,Cu,Mo,W,Zn
ARG19_AO_F,ARG19,AO100224,AO,Antuco,F,-24.182136,-66.674029,514.7,Backarc,Vulc,Mature,4231,27.8,6.25,33411,21.21,90,NA,NA,NA,1.02,5.45,-7.66,-3.31,-66.14,989.5759,0,0.006459,0.004705,0.101874,0.111563,10.11229,0.117478,0,NA,-9.91004,w,0.00000124,1.96,1.96,313.2,99.8,51800000000,142119.0162,5162.897,11.908,603.767,154.893,414.141,9367548,NA,8742,NA,NA,817.08,0.012583013,,,,,,,,,
ARG19_AO_S,ARG19,AO100224,AO,Antuco,S,-24.182136,-66.674029,514.7,Backarc,Vulc,Mature,4231,27.8,6.25,33411,21.21,90,NA,NA,NA,1.02,5.45,-7.66,-3.31,-66.14,989.5759,0,0.006459,0.004705,0.101874,0.111563,10.11229,0.117478,0,NA,-9.91004,w,0.00000124,1.96,1.96,313.2,99.8,51800000000,142119.0162,5162.897,11.908,603.767,154.893,414.141,9367548,NA,8742,NA,NA,817.08,0.012583013,,,,,,,,,
ARG19_BJ_F,ARG19,BJ190227,BJ,Botijuela,F,-25.743034,-67.823245,409.9,Backarc,Vulc,Volcanic,3524,40,6.44,14643,8.65,10,NA,NA,NA,0.67,15.92,NA,NA,NA,979.515,0,0.050518,0.019565,1.963554,0.633852,17.45857,0.358919,0,NA,-4.59,w,0.00000482,1.24,1.24,202.5,64.5,10800000000,18670.2436,1507.994,0.641,84.113,21.881,86.806,1590755,NA,NA,NA,NA,826466,0.012583013,1.31,176.955,202.16,0.215,2.635,0.835,11.145,23.845,-20.575
ARG19_BJ_S,ARG19,BJ190227,BJ,Botijuela,S,-25.743034,-67.823245,409.9,Backarc,Vulc,Volcanic,3524,40,6.44,14643,8.65,10,NA,NA,NA,0.67,15.92,NA,NA,NA,979.515,0,0.050518,0.019565,1.963554,0.633852,17.45857,0.358919,0,NA,-4.59,w,0.00000482,1.24,1.24,202.5,64.5,10800000000,18670.2436,1507.994,0.641,84.113,21.881,86.806,1590755,NA,NA,NA,NA,826466,0.012583013,1.31,176.955,202.16,0.215,2.635,0.835,11.145,23.845,-20.575
ARG19_GA_F,ARG19,GA190226,GA,Galán Aguas Calientes,F,-25.825416,-66.922496,507.2,Backarc,Vulc,Mature,4482,67,6.7,6012,3.28,10,NA,NA,NA,1.8,6.26,-1.5,-6.21,-52.48,952.8512,0,0.102306,0.031694,5.762056,1.228836,39.97707,0.001436,0,NA,-9.37034,w,0.0000108,1.56,1.56,556.7,177.3,4640000000,10109.60446,533.295,0.088,10.263,1.122,16.084,647319,NA,1093,NA,NA,28548,0.016078294,5.6,98.465,35.535,0.04,4.425,0.855,-1.33,234.87,-33.555
ARG19_GA_S,ARG19,GA190226,GA,Galán Aguas Calientes,S,-25.825416,-66.922496,507.2,Backarc,Vulc,Mature,4482,67,6.7,6012,3.28,10,NA,NA,NA,1.8,6.26,-1.5,-6.21,-52.48,952.8512,0,0.102306,0.031694,5.762056,1.228836,39.97707,0.001436,0,NA,-9.37034,w,0.0000108,1.56,1.56,556.7,177.3,4640000000,10109.60446,533.295,0.088,10.263,1.122,16.084,647319,NA,1093,NA,NA,28548,0.016078294,5.6,98.465,35.535,0.04,4.425,0.855,-1.33,234.87,-33.555
ARG19_GF1_F,ARG19,GF190226_1,GF1,Galán Fumaroles (El Diablo),F,-25.858188,-66.992695,500.1,Backarc,Vulc,Volcanic,4644,80,7.75,429,0.19,10,NA,NA,NA,NA,0.34,-14.81,-5.89,-50.62,882.5666,0.678163,0.07826,0.16505,16.05005,1.135054,99.27651,0.001677,0,NA,NA,g,0.000025,1.77,1.77,621.2,197.9,4470000000,11061.94135,12.385,20.666,2.928,0.997,3.655,14725,NA,NA,16,NA,69616,0.009087732,0.26,68.52,551.25,0.97,4.56,0.92,22.55,64.43,-33.37
ARG19_GF1_S,ARG19,GF190226_1,GF1,Galán Fumaroles (El Diablo),S,-25.858188,-66.992695,500.1,Backarc,Vulc,Volcanic,4644,80,7.75,429,0.19,10,NA,NA,NA,NA,0.34,-14.81,-5.89,-50.62,882.5666,0.678163,0.07826,0.16505,16.05005,1.135054,99.27651,0.001677,0,NA,NA,g,0.000025,1.77,1.77,621.2,197.9,4470000000,11061.94135,12.385,20.666,2.928,0.997,3.655,14725,NA,NA,16,NA,69616,0.009087732,0.26,68.52,551.25,0.97,4.56,0.92,22.55,64.43,-33.37
ARG19_GF2_F,ARG19,GF190226_2,GF2,Galán Fumaroles (El Diablo),F,-25.858243,-66.992818,500.1,Backarc,Vulc,Volcanic,4651,80,3.21,2050,1.02,60,NA,NA,NA,1.18,0.48,-12.4,NA,NA,909.9537,0.593586,0.019997,0.003758,14.655,0.882777,73.88588,0.005293,0,NA,-6.15583,g,0.0000289,1.79,1.79,683.4,217.7,18000000000,45152.73025,23.864,82.895,10.417,4.335,21.206,50849,NA,NA,125,NA,337.95,0.023068857,0.59,410.705,17418.01,13.165,8.335,9.525,10.81,34.43,5.955
ARG19_GF2_S,ARG19,GF190226_2,GF2,Galán Fumaroles (El Diablo),S,-25.858243,-66.992818,500.1,Backarc,Vulc,Volcanic,4651,80,3.21,2050,1.02,60,NA,NA,NA,1.18,0.48,-12.4,NA,NA,909.9537,0.593586,0.019997,0.003758,14.655,0.882777,73.88588,0.005293,0,NA,-6.15583,g,0.0000289,1.79,1.79,683.4,217.7,18000000000,45152.73025,23.864,82.895,10.417,4.335,21.206,50849,NA,NA,125,NA,337.95,0.023068857,0.59,410.705,17418.01,13.165,8.335,9.525,10.81,34.43,5.955
ARG19_IN_F,ARG19,IN190223,IN,Incachule,F,-24.282129,-66.466761,538,Backarc,Vulc,NA,4470,46.9,6.52,3000,1.54,10,NA,NA,NA,1.55,NA,NA,-9.97,-73.18,621.1889,0.238156,0.231968,0.00137,1.388626,1.735896,372.554,0.117358,0,NA,-12.0039,g,0.0000309,1.97,1.97,335,106.7,899000000,2477.220386,424.45,1.185,31.494,4.838,25.89,350283,NA,592,88,NA,47347,0.023068857,24.57,114.155,147.4,0.29,0.345,0.58,5.66,0.555,-15.415
ARG19_IN_S,ARG19,IN190223,IN,Incachule,S,-24.282129,-66.466761,538,Backarc,Vulc,NA,4470,46.9,6.52,3000,1.54,10,NA,NA,NA,1.55,NA,NA,-9.97,-73.18,621.1889,0.238156,0.231968,0.00137,1.388626,1.735896,372.554,0.117358,0,NA,-12.0039,g,0.0000309,1.97,1.97,335,106.7,899000000,2477.220386,424.45,1.185,31.494,4.838,25.89,350283,NA,592,88,NA,47347,0.023068857,24.57,114.155,147.4,0.29,0.345,0.58,5.66,0.555,-15.415
ARG19_LC_F,ARG19,LC190226,LC,Galán La Colcha,F,-26.032911,-66.986094,503.1,Backarc,Vulc,Mature,4728,84,6.94,10618,6.1,20,NA,NA,NA,2.53,6.82,-2.62,-5.59,-49.19,979.3897,0.042852,0.087992,0.000155,0.220945,0.329835,19.87218,0.056378,0,NA,-7.46285,g,0.00000324,2.58,2.58,1712.8,545.6,2860000000,10335.14355,915.171,1.019,50.995,0.638,35.836,1179351,NA,NA,NA,932,25336,0.00559245,1.24,173.665,10.91,0.045,25.42,38.08,-1.81,0.13,65.675
ARG19_LC_S,ARG19,LC190226,LC,Galán La Colcha,S,-26.032911,-66.986094,503.1,Backarc,Vulc,Mature,4728,84,6.94,10618,6.1,20,NA,NA,NA,2.53,6.82,-2.62,-5.59,-49.19,979.3897,0.042852,0.087992,0.000155,0.220945,0.329835,19.87218,0.056378,0,NA,-7.46285,g,0.00000324,2.58,2.58,1712.8,545.6,2860000000,10335.14355,915.171,1.019,50.995,0.638,35.836,1179351,NA,NA,NA,932,25336,0.00559245,1.24,173.665,10.91,0.045,25.42,38.08,-1.81,0.13,65.675
ARG19_PG_F,ARG19,PG290225,PG,Pastos Grandes,F,-24.364589,-66.571132,527.6,Backarc,Vulc,Mature,4305,44.9,8.74,1288,0.61,50,NA,NA,NA,1.68,0.35,-15.33,-10.14,-73.05,911.3837,0,0.054117,0.012464,0.498552,0.776871,86.87504,0.399253,0,NA,NA,w,0.0000027,1.34,1.34,338.1,107.7,8977072026,16840.98712,134.026,0.054,1.567,0.275,23.705,177.36,NA,299,NA,NA,29933,2.98104152,0.64,2.97,9.22,0.015,2.34,43.165,38.435,17.725,-33.28
ARG19_PG_S,ARG19,PG290225,PG,Pastos Grandes,S,-24.364589,-66.571132,527.6,Backarc,Vulc,Mature,4305,44.9,8.74,1288,0.61,50,NA,NA,NA,1.68,0.35,-15.33,-10.14,-73.05,911.3837,0,0.054117,0.012464,0.498552,0.776871,86.87504,0.399253,0,NA,NA,w,0.0000027,1.34,1.34,338.1,107.7,8977072026,16840.98712,134.026,0.054,1.567,0.275,23.705,177.36,NA,299,NA,NA,29933,2.98104152,0.64,2.97,9.22,0.015,2.34,43.165,38.435,17.725,-33.28
ARG19_PM_F,ARG19,PM190223,PM,Pompeya,F,-24.246688,-66.362722,548.8,Backarc,Met,Peripheral,3889,50.3,6.53,9000,5.09,10,NA,NA,NA,0.9,21.14338,-5.33,-10.38,-79.71,978.9139,0.03094,0.013232,0.000266,0.045579,0.07049,20.77485,0.150739,0,NA,-8.68026,NA,NA,NA,NA,NA,NA,NA,NA,1115.469,3.441,112.447,25.835,45.63,1129061,NA,2319,NA,NA,180736,0.1838518,0.25,68.455,293.62,0.01,27.38,8.455,-0.305,367.975,-20.555
ARG19_PM_S,ARG19,PM190223,PM,Pompeya,S,-24.246688,-66.362722,548.8,Backarc,Met,Peripheral,3889,50.3,6.53,9000,5.09,10,NA,NA,NA,0.9,21.14338,-5.33,-10.38,-79.71,978.9139,0.03094,0.013232,0.000266,0.045579,0.07049,20.77485,0.150739,0,NA,-8.68026,NA,NA,NA,NA,NA,NA,NA,NA,1115.469,3.441,112.447,25.835,45.63,1129061,NA,2319,NA,NA,180736,0.1838518,0.25,68.455,293.62,0.01,27.38,8.455,-0.305,367.975,-20.555
ARG19_PP_S,ARG19,PP190301,PP,El Galpón,S,-24.40986,-64.59146,739.9,Backarc,Sed,NA,493,54.3,8.47,3474,1.81,0,NA,NA,NA,0.9,2.151408,-10.67349117,-6.33,-38.06,957.6987,0,0.002397,0.002962,3.726273,1.176718,37.30708,0.118849,0,NA,-1.21923,g,0.00000104,0.36,0.21,5.2,1.7,97100000000,48758.09597,263.476,0.068,2.868,0.226,5.349,141025,326,NA,117,NA,179696,NA,58.82,343.73,13714.96,50.635,1.645,0.805,4.81,1.09,17.71
ARG19_RF_S,ARG19,RF190301,RF,Rosario de la Frontera,S,-25.40986,-64.59134,749.7,Backarc,Sed,Peripheral,425,82,8.23,3056,1.57,0,NA,NA,NA,1.33,3.45,-8.28,-6.37,-38.43,954.5125,0,0.001622,0.004291,7.245015,0.456399,37.77916,0.000977,0,NA,NA,w,0.000000571,0.36,0.33,18.9,6,1140000000000,582342.166,404.345,0.211,5.462,0.226,5.599,424017,NA,NA,NA,NA,96118,NA,13.41,6.055,18.575,0.035,21.005,20.945,15.945,5.17,-2.31
ARG19_TM_S,ARG19,TM190224,TM,Tocomar,S,-24.18778,-66.55451,527.6,Backarc,Vulc,Peripheral,4333,69.2,7.13,7100,3.93,40,NA,NA,NA,2.35,19.03,-7.18,NA,NA,992.217,0.070766,0.004775,0.006059,0.033702,0.082722,6.504908,23.66891,0,NA,-11.7104,g,0.00000202,2.47,2.48,227,72.3,55300000000,191252.3248,771.995,10.716,76.068,4.284,29.468,682599,NA,NA,NA,NA,140996,0.072002796,0.54,280.26,436.915,0.275,2.52,0.575,-1.99,35.2,-34.795
ARG19_VV_F,ARG19,VV190228,VV,Villa Vil,F,-27.112858,-66.822241,554.9,Backarc,Sed,Volcanic,2143,38.2,9.09,869,0.4,60,NA,NA,NA,0.5,0.66,-13.28,-4.36,-23.7,962.9624,0,0.050215,0.001419,2.891898,0.217039,33.79215,0.006892,0,NA,-14.9414,w,0.00000977,0.9,0.89,249.4,79.5,14600000000,18326.10298,82.721,0.035,0.808,0.088,6.789,55175,NA,151,21,NA,42216,0.012583013,20.3,17.91,334.91,1.6,0.15,0.03,-0.21,0,1.12
CH20_AU_F,CH20,AU200310,AU,Auco,F,-32.892097,-70.710594,NA,Forearc,NA,Volcanic,873,20.2,8.09,750,3,76.7,NA,NA,NA,NA,NA,NA,NA,NA,NA,NA,NA,NA,NA,NA,NA,NA,NA,NA,NA,W,0.0000000385,0.96,1.13,0.8,0.2,NA,NA,NA,NA,NA,NA,NA,NA,NA,NA,NA,NA,NA,0.02276034991,,,,,,,,,
CH20_AU_S,CH20,AU200310,AU,Auco,S,-32.892097,-70.710594,NA,Forearc,NA,Volcanic,873,20.2,8.09,750,3,76.7,NA,NA,NA,NA,NA,NA,NA,NA,NA,NA,NA,NA,NA,NA,NA,NA,NA,NA,NA,W,0.0000000385,0.96,1.13,0.8,0.2,NA,NA,NA,NA,NA,NA,NA,NA,NA,NA,NA,NA,NA,0.02276034991,,,,,,,,,
CH20_BM_F,CH20,BM200304,BM,Baños Morales,F,-33.824023,-70.059671,NA,Forearc,NA,Peripheral,1868,27.2,6.07,20820,20,13.6,NA,NA,NA,NA,NA,NA,NA,NA,NA,NA,NA,NA,NA,NA,NA,NA,NA,NA,-8.64,G,0.000000462,1.61,1.63,25.5,8.1,NA,NA,NA,NA,NA,NA,NA,NA,NA,NA,NA,NA,NA,0.02682469761,0.422,61.395,1181.894,2.192,3.223,1.811,2.913,,
CH20_BM_S,CH20,BM200304,BM,Baños Morales,S,-33.824023,-70.059671,NA,Forearc,NA,Peripheral,1868,27.2,6.07,20820,20,13.6,NA,NA,NA,NA,NA,NA,NA,NA,NA,NA,NA,NA,NA,NA,NA,NA,NA,NA,-8.64,G,0.000000462,1.61,1.63,25.5,8.1,NA,NA,NA,NA,NA,NA,NA,NA,NA,NA,NA,NA,NA,0.02682469761,0.422,61.395,1181.894,2.192,3.223,1.811,2.913,,
CH20_CP_F,CH20,CP200307,CP,La Campanario,F,-35.93411,-70.586598,NA,Forearc,NA,Peripheral,1591,53.2,5.89,31389,25,6.9,NA,NA,NA,NA,NA,NA,NA,NA,NA,NA,NA,NA,NA,NA,NA,NA,NA,NA,-8.72,G,0.000011,5.01,5.03,201.4,64.2,10000000000,35100,NA,NA,NA,NA,NA,NA,NA,NA,NA,NA,NA,0.03088904531,0.652,2138.484,14627.226,0.3,3.426,0.55,0.998,0.16,
CH20_CQ_F,CH20,CQ200302,CQ,Termas de Cauquenes,F,-34.347661,-70.555894,NA,Forearc,NA,NA,774,47.67,8.47,NA,7.37,NA,NA,NA,NA,NA,NA,NA,NA,NA,NA,NA,NA,NA,NA,NA,NA,NA,NA,-15.9,NA,G,0.000173,1.67,1.68,216.3,68.9,NA,NA,NA,NA,NA,NA,NA,NA,NA,NA,NA,NA,NA,0.02682469761,0.222,7.296,9.629,0.067,1.23,0.206,12.377,0.528,
CH20_CR_F,CH20,CR200310,CR,El Corazón,F,-32.798669,-70.542534,NA,Forearc,NA,Mature,1003,19.6,7.61,652,4,56,NA,NA,NA,NA,NA,NA,NA,NA,NA,NA,NA,NA,NA,NA,NA,NA,NA,NA,NA,NA,NA,NA,NA,NA,NA,NA,NA,NA,NA,NA,NA,NA,NA,NA,NA,NA,NA,NA,0.02682469761,6.315,7.368,164.836,0.843,11.075,2,1.486,0.051,
CH20_CT_F,CH20,CT200308,CT,Termas de Catillo,F,-36.292102,-71.648357,NA,Forearc,NA,Mature,258,37.5,9.49,527,3,11,NA,NA,NA,NA,NA,NA,NA,NA,NA,NA,NA,NA,NA,NA,NA,NA,NA,NA,NA,W,0.00000683,0.65,0.65,79.5,25.3,NA,NA,NA,NA,NA,NA,NA,NA,NA,NA,NA,NA,NA,1.801319091,0.212,2.658,64.898,0.326,6.387,4.038,6.593,9.749,
CH20_EM_F,CH20,EM200308,CT,El Médano,F,-35.822954,-70.760384,NA,Forearc,NA,Peripheral,1016,37.5,7.22,2440,NA,79.2,NA,NA,NA,NA,NA,NA,NA,NA,NA,NA,NA,NA,NA,NA,NA,NA,NA,NA,NA,W,0.000000576,0.94,0.74,1.3,0.4,NA,NA,NA,NA,NA,NA,NA,NA,NA,NA,NA,NA,NA,0.02276034991,3.479,39.975,478.342,1.269,139.684,7.618,30.158,10.353,
CH20_EM_S,CH20,EM200307,EM,El Médano,S,-35.822954,-70.760384,NA,Forearc,NA,Peripheral,1016,37.5,7.22,2440,NA,79.2,NA,NA,NA,NA,NA,NA,NA,NA,NA,NA,NA,NA,NA,NA,NA,NA,NA,NA,NA,W,0.000000576,0.94,0.74,1.3,0.4,NA,NA,NA,NA,NA,NA,NA,NA,NA,NA,NA,NA,NA,0.02276034991,3.479,39.975,478.342,1.269,139.684,7.618,30.158,10.353,
CH20_GS_F,CH20,GS200305,GS,Gualleco Spring,F,-35.255208,-71.971441,NA,Forearc,NA,Peripheral,135,19.9,10.3,303,3,28,NA,NA,NA,NA,NA,NA,NA,NA,NA,NA,NA,NA,NA,NA,NA,NA,NA,NA,NA,NA,NA,NA,NA,NA,NA,NA,NA,NA,NA,NA,NA,NA,NA,NA,NA,NA,NA,NA,3.622654054,0.028,0.927,,0.009,0.079,,3.119,42.275,
CH20_PM_F,CH20,PM200308,PM,Panamávida,F,-35.761243,-71.416547,NA,Forearc,NA,Mature,310,32.45,9.91,1160,4,5.8,NA,NA,NA,NA,NA,NA,NA,NA,NA,NA,NA,NA,NA,NA,NA,NA,NA,NA,NA,G,0.00000304,1.12,1.43,1.4,0.4,NA,NA,NA,NA,NA,NA,NA,NA,NA,NA,NA,NA,NA,0.3560368962,0.455,6.861,133.382,0.699,7.549,2.205,4.389,5.362,
CH20_PM_S,CH20,PM200308,PM,Panamávida,S,-35.761243,-71.416547,NA,Forearc,NA,Mature,310,32.45,9.91,1160,4,5.8,NA,NA,NA,NA,NA,NA,NA,NA,NA,NA,NA,NA,NA,NA,NA,NA,NA,NA,NA,G,0.00000304,1.12,1.43,1.4,0.4,NA,NA,NA,NA,NA,NA,NA,NA,NA,NA,NA,NA,NA,0.3560368962,0.455,6.861,133.382,0.699,7.549,2.205,4.389,5.362,
CH20_SP_F,CH20,SP200306,SP,San Pedro Baños Termales,F,-35.136766,-70.476566,NA,Forearc,NA,Mature,1830,21.98,6.19,32800,46.5,18.8,NA,NA,NA,NA,NA,NA,NA,NA,NA,NA,NA,NA,NA,NA,NA,NA,NA,NA,-12.56,G,0.000175,2.4,2.4,186.9,59.5,47000000,43.9,NA,NA,NA,NA,NA,NA,NA,NA,NA,NA,NA,0.01869600105,0.749,8832.845,10882.478,0.978,8.08,49.613,0.826,0.134,
CH20_SP_S,CH20,SP200306,SP,San Pedro Baños Termales,S,-35.136766,-70.476566,NA,Forearc,NA,Mature,1830,21.98,6.19,32800,46.5,18.8,NA,NA,NA,NA,NA,NA,NA,NA,NA,NA,NA,NA,NA,NA,NA,NA,NA,NA,-12.56,G,0.000175,2.4,2.4,186.9,59.5,47000000,43.9,NA,NA,NA,NA,NA,NA,NA,NA,NA,NA,NA,0.01869600105,0.749,8832.845,10882.478,0.978,8.08,49.613,0.826,0.134,
CH20_TF_F,CH20,TF200303,TF,Termas Flacco,F,-34.958936,-70.434051,NA,Forearc,NA,Mature,1731,68.4,6.24,6450,5,24.1,NA,NA,NA,NA,NA,NA,NA,NA,NA,NA,NA,NA,NA,NA,NA,NA,NA,-28.78,-11.15,G,0.0000492,1.44,1.48,12.6,4,2200000000,8.7,NA,NA,NA,NA,NA,NA,NA,NA,NA,NA,NA,0.02682469761,1.859,166.467,86.367,0.472,3.625,1.695,9.716,0.862,
CH20_TF_S,CH20,TF200303,TF,Termas Flacco,S,-34.958936,-70.434051,NA,Forearc,NA,Mature,1731,68.4,6.24,6450,5,24.1,NA,NA,NA,NA,NA,NA,NA,NA,NA,NA,NA,NA,NA,NA,NA,NA,NA,-28.78,-11.15,G,0.0000492,1.44,1.48,12.6,4,2200000000,8.7,NA,NA,NA,NA,NA,NA,NA,NA,NA,NA,NA,0.02682469761,1.859,166.467,86.367,0.472,3.625,1.695,9.716,0.862,
CH20_TP_F,CH20,TP200304,TP,Termas del Plomo,F,-33.61774,-69.910353,NA,Forearc,NA,Mature,2933,36.8,6.43,1900,29.6,30.5,NA,NA,NA,NA,NA,NA,NA,NA,NA,NA,NA,NA,NA,NA,NA,NA,NA,NA,NA,G,0.000116,2.32,2.34,66.3,21.1,120000000,40,NA,NA,NA,NA,NA,NA,NA,NA,NA,NA,NA,0.03088904531,0.336,349.521,1691.809,0.168,0.922,244.276,7.544,0.021,
CR17_BQ_F,CR17,BQ170218,BQ,Borinquen,F,10.810883,-85.413707,,Arc,,Peripheral,535,88.9,2.11,4980,5.73,9.9,,,,NA,NA,NA,NA,NA,936.6,23.4,0,10.08,1.04,0.9,26.85,1.19,0,-1.37,NA,g,1.32,5.03,5.13,33.24,10.59,100544034451.07,316000,18.9,86.72,10.48,42.04,89.98,23.16,,2938.62,NA,0,NA,3.41,,85.69,109.49,3.13,5.98,0.02,,,9.66
CR17_BQ_S,CR17,BQ170218,BQ,Borinquen,S,10.810883,-85.413707,NA,Arc,NA,Peripheral,535,88.9,2.11,4980,5.73,9.9,NA,NA,NA,NA,NA,NA,NA,NA,936.6,23.4,0,10.08,1.04,0.9,26.85,1.19,0,-1.37,NA,g,1.32,5.03,5.13,33.24,10.59,100544034451.07,316000,18.9,86.72,10.48,42.04,89.98,23.16,NA,2938.62,NA,0,NA,3.41,,,,,,,,,
CR17_BR1_S,CR17,BR170218_1,BR1,Blue River Spring 1,S,10.89837,-85.32839,NA,Arc,NA,Steam-heated,437,59,6.16,5995,7.02,41,NA,NA,NA,653.8,9.56,0.23,-5.25,-37.2,946.9,0,0.01,0,2.59,1.28,47.54,1.71,0,-3.66,NA,g,7.77,6.39,6.52,32.29,10.29,13635960891.07,127000,222.12,0.52,124.72,293.82,216.36,1208.18,NA,3756.51,0,0,4.23,0,,3286.5,403.7,,1.6,11,,,15.7
CR17_BR2_F,CR17,BR170218_2,BR2,Blue River Spring 2,F,10.89837,-85.32853,NA,Arc,NA,Steam-heated,434,53.8,5.87,5755,6.71,7,NA,NA,NA,NA,9.31,0.96,-5.15,-38,NA,NA,NA,NA,NA,NA,NA,NA,NA,NA,NA,g,NA,NA,NA,NA,NA,NA,NA,NA,NA,NA,NA,NA,NA,NA,NA,0,NA,3.72,NA,,39.06,12.07,0.02,,8.89,0.08,,0.22
CR17_BR2_S,CR17,BR170218_2,BR2,Blue River Spring 2,S,10.89837,-85.32853,NA,Arc,NA,Steam-heated,434,53.8,5.87,5755,6.71,7,NA,NA,NA,NA,9.31,0.96,-5.15,-38,NA,NA,NA,NA,NA,NA,NA,NA,NA,NA,NA,g,NA,NA,NA,NA,NA,NA,NA,NA,NA,NA,NA,NA,NA,NA,NA,0,NA,3.72,NA,,833.5,403.2,2.1,14.1,,,,7
CR17_CY_F,CR17,CY170214,CY,Rio Cayuco,F,10.287497,-84.955524,NA,Forearc,NA,Mature,184,72,6.31,5821,6.79,26.7,NA,NA,NA,326.9,5.24,-4.99,-9.47,-81.2,994.9,0,0,0,1.12,0.08,3.91,0,0,-2.4,NA,g,6.62,0.86,0.59,1.24,0.4,124825465813.26,NA,536.29,19.14,43.42,34.17,279.89,879.65,NA,5144.07,0.04,0,4.42,0,,3.93,6.64,0.05,5.91,0.17,,,0.27
CR17_CY_S,CR17,CY170214,CY,Rio Cayuco,S,10.287497,-84.955524,NA,Forearc,NA,Mature,184,72,6.31,5821,6.79,26.7,NA,NA,NA,326.9,5.24,-4.99,-9.47,-81.2,994.9,0,0,0,1.12,0.08,3.91,0,0,-2.4,NA,g,6.62,0.86,0.59,1.24,0.4,124825465813.26,NA,536.29,19.14,43.42,34.17,279.89,879.65,NA,5144.07,0.04,0,4.42,0,,1167.5,66.2,17.3,55.9,,,,97.9
CR17_EP_F,CR17,EP170215,EP,Espabel,F,9.901885,-85.454327,NA,Outer Forearc,NA,Mature,126,26.4,9.99,198.2,0.17,4,NA,NA,NA,0,0.55,-21.57,-8.17,-62.3,0,0,0,0.09,29.17,24.57,942.35,3.82,0,NA,NA,w,NA,0.93,NA,NA,NA,NA,NA,33.28,0.08,0.84,1.34,4.26,7.01,NA,0.52,0.05,0,0.03,0,,0.22,0.77,0.03,0.12,0.03,,,0.08
CR17_EP_S,CR17,EP170215,EP,Espabel,S,9.901885,-85.454327,NA,Outer Forearc,NA,Mature,126,26.4,9.99,198.2,0.17,4,NA,NA,NA,0,0.55,-21.57,-8.17,-62.3,0,0,0,0.09,29.17,24.57,942.35,3.82,0,NA,NA,w,NA,0.93,NA,NA,NA,NA,NA,33.28,0.08,0.84,1.34,4.26,7.01,NA,0.52,0.05,0,0.03,0,,1665.1,122.2,,118.1,159.9,,,144.4
CR17_ES9_F,CR17,ES170215_1,ES1,Estrada,F,9.899005,-85.453514,NA,Outer Forearc,NA,Mature,122,27.9,9.75,226.7,0.2,48.3,NA,NA,NA,0,1.14,-17.98,-8.64,-67.8,NA,NA,NA,NA,NA,NA,NA,NA,NA,NA,NA,w,NA,0.95,NA,NA,NA,NA,NA,6.76,0.28,0.42,0.25,2.61,7.6,NA,604.47,0.08,0,0.16,NA,,0.04,0.69,0.03,0.08,0.02,,,0.06
CR17_ET_S,CR17,ET170220_1,ET1,Eco Thermales,S,10.484006,-84.675853,NA,Arc,NA,NA,368,40,6.06,1911,2.02,13.4,NA,NA,NA,NA,NA,NA,-5.12,-43,NA,NA,NA,NA,NA,NA,NA,NA,NA,NA,NA,g,NA,1.54,NA,NA,NA,NA,NA,NA,NA,NA,NA,NA,NA,NA,NA,0.05,NA,1.55,NA,,3434,57.6,,36,227.9,,,100.6
CR17_FA_S,CR17,FA170219_1,FA1,Finca Ande,S,10.336843,-85.069499,NA,Forearc,NA,NA,109,55.2,5.93,5500,6.39,10.3,NA,NA,NA,NA,NA,NA,-8.39,-74.4,995.1,0,0,0,0.25,0.07,4.52,0.02,0,-1.36,NA,g,0.18,4.17,4.36,14.14,4.51,939465053101.08,3210000,NA,NA,NA,NA,NA,NA,NA,NA,0.03,NA,6.19,0,,2320.8,360.5,,9.2,30.2,,,900.5
CR17_MT_F,CR17,MT170219,MT,Termales Salitral Mouse Trap,F,10.595774,-85.238451,NA,Forearc,NA,Mature,166,59.1,6.32,6150,7.21,12.4,NA,NA,NA,640.72,21.7,3.55,-6.02,-60.5,988.3,0,0,0,2.26,0.17,8.51,0.74,0,-0.84,NA,g,0.29,3.2,3.57,5.58,1.78,765928884823.55,4300000,748.06,2.1,42.31,3.64,53.63,1245.2,NA,3728.89,0,0,0.14,0,,4.38,1.02,0.03,0.95,0.28,,,0.48
CR17_PF_F,CR17,PF170222,PF,Pompilo's finca,F,10.518466,-84.11518,NA,Backarc,NA,Mature,53,28.7,5.81,3726,4.18,4.3,NA,NA,NA,954.55,23.72,1.24,-6.48,-51.5,997.6,0,NA,0,0.47,0.04,1.89,0.02,0,-3.64,NA,g,0.02,1.27,1.72,1.3,0.41,37393730178425.1,NA,257.97,34.62,40.05,149.78,139.08,578.67,NA,5526.33,0,0,0.18,0,,50.82,8.37,0.38,3.68,0.11,,,0.31
CR17_PF_S,CR17,PF170222,PF,Pompilo's finca,S,10.518466,-84.11518,NA,Backarc,NA,Mature,53,28.7,5.81,3726,4.18,4.3,NA,NA,NA,954.55,23.72,1.24,-6.48,-51.5,997.6,0,NA,0,0.47,0.04,1.89,0.02,0,-3.64,NA,g,0.02,1.27,1.72,1.3,0.41,37393730178425.1,NA,257.97,34.62,40.05,149.78,139.08,578.67,NA,5526.33,0,0,0.18,0,,674.1,218.3,,25.1,196.6,,,148.4
CR17_PL_S,CR17,PL170224,PL,Poas Volcano lake,S,10.196777,-84.229892,NA,Arc,NA,NA,2334,37.6,0.85,91900,136.68,46.6,NA,NA,NA,NA,0.86,-2.97,0.66,-38.2,971.2,16,0.01,7.37,0.1,0.09,5.2,0,0.02,NA,NA,g,NA,NA,NA,NA,NA,NA,123000,NA,NA,NA,NA,NA,4145.5,NA,NA,0,NA,99.22,2.33,,62.2,3.3,,1.2,59,,,6.6
CR17_QH2_F,CR17,QH170213_2,QH2,Quepos Hotsprings,F,9.561575,-84.123468,NA,Forearc,NA,Mature,300,36.7,8.69,2692,2.94,47.3,NA,NA,NA,163.45,0.11,-17.98,-11.52,-95,NA,NA,NA,NA,NA,NA,NA,NA,NA,NA,NA,g,170.75,2.75,2.78,42.36,13.49,NA,NA,393.14,67.06,9.09,1.45,221.61,931.26,NA,29238.11,0.05,0,0.95,0,,0.5,1.83,0.02,2.51,0.11,,,0.07
CR17_QH2_S,CR17,QH170213_2,QH2,Quepos Hotsprings,S,9.561575,-84.123468,NA,Forearc,NA,Mature,300,36.7,8.69,2692,2.94,47.3,NA,NA,NA,163.45,0.11,-17.98,-11.52,-95,NA,NA,NA,NA,NA,NA,NA,NA,NA,NA,NA,g,170.75,2.75,2.78,42.36,13.49,NA,NA,393.14,67.06,9.09,1.45,221.61,931.26,NA,29238.11,0.05,0,0.95,0,,787.2,68,,72.9,102.5,,,106.1
CR17_QN_F,CR17,QN170220,QN,Quebrada naranja - Don Tobias,F,10.495573,-84.696714,NA,Arc,NA,Mature,429,22.9,5.6,196.7,0.17,84,NA,NA,NA,333.44,2.81,-1.95,NA,NA,926.4,0,0,0,0.78,0.11,8.09,64.68,0,-2.76,NA,g,5.16,3.15,4.89,1.82,0.58,40666504402.27,217000,24.02,53.12,9.76,8.36,38.83,46.77,NA,3102.8,0.04,0,0.03,0,,4.11,1.05,0.04,0.79,0.03,,,0.16
CR17_QN_S,CR17,QN170220,QN,Quebrada naranja - Don Tobias,S,10.495573,-84.696714,NA,Arc,NA,Mature,429,22.9,5.6,196.7,0.17,84,NA,NA,NA,333.44,2.81,-1.95,NA,NA,926.4,0,0,0,0.78,0.11,8.09,64.68,0,-2.76,NA,g,5.16,3.15,4.89,1.82,0.58,40666504402.27,217000,24.02,53.12,9.76,8.36,38.83,46.77,NA,3102.8,0.04,0,0.03,0,,1273.4,259.8,,20.2,81.8,,,87.7
CR17_RS_F,CR17,RS170216,RS,Ranchero etl Salitral,F,10.232331,-85.531602,NA,Outer Forearc,NA,Mature,82,29.4,9.96,273.1,0.24,5.6,NA,NA,NA,359.59,0.25,-16.04,-8.77,-68.7,0,0,0,0.23,106.5,24.3,868.28,0.69,0,NA,NA,w,nd,0.5,2.66,30.67,NA,NA,NA,15.37,0.85,0.59,0.38,3.43,14.53,NA,1950.32,0,0,0.07,0,,0.29,0.65,0.04,0.09,0.03,,,0.06
CR17_RS_S,CR17,RS170216,RS,Ranchero etl Salitral,S,10.232331,-85.531602,NA,Outer Forearc,NA,Mature,82,29.4,9.96,273.1,0.24,5.6,NA,NA,NA,359.59,0.25,-16.04,-8.77,-68.7,0,0,0,0.23,106.5,24.3,868.28,0.69,0,NA,NA,w,nd,0.5,2.66,30.67,NA,NA,NA,15.37,0.85,0.59,0.38,3.43,14.53,NA,1950.32,0,0,0.07,0,,1865.4,102.9,,110.8,138.5,,,145.9
CR17_RV_F,CR17,RV170221,RV,Recreo Verde,F,10.321576,-84.243686,NA,Arc,NA,Mature,557,42.7,6.19,45000,62.86,1.8,NA,NA,NA,653.8,19.73,-0.28,-7.45,-58,994.3,0,0,0,1.33,0.08,4.27,0,0,-4.8,NA,g,0.58,5.63,6.68,4.38,1.4,218818048817.02,1310000,285.88,1.13,89.81,387.92,244.73,474.33,NA,3080.84,NA,0,NA,NA,,5.1,7.24,0.1,5.29,0.11,,,0.26
CR17_SI_F,CR17,SI170217,SI,El Sitio,F,10.301239,-85.610549,NA,Outer Forearc,NA,Mature,36,35.9,9.83,3469,3.87,36.2,NA,NA,NA,464.2,2.24,-6.43,NA,NA,67.4,0,0.09,0,4.01,10.8,917.73,0,0,NA,NA,g,56.36,0.49,0.39,5.05,1.61,1740091332.94,788,29.52,9.34,1.31,0.51,5.08,17.74,NA,2891.78,0.03,0,0.03,0,,0.84,0.78,0.03,0.12,0.03,,,0.1
CR17_SI_S,CR17,SI170217,SI,El Sitio,S,10.301239,-85.610549,NA,Outer Forearc,NA,Mature,36,35.9,9.83,3469,3.87,36.2,NA,NA,NA,464.2,2.24,-6.43,NA,NA,67.4,0,0.09,0,4.01,10.8,917.73,0,0,NA,NA,g,56.36,0.49,0.39,5.05,1.61,1740091332.94,788,29.52,9.34,1.31,0.51,5.08,17.74,NA,2891.78,0.03,0,0.03,0,,1065.7,64.3,,55.8,69.5,,,96.6
CR17_SL_F,CR17,SL170214,SL,Santa Lucia,F,10.290599,-84.972435,NA,Forearc,NA,Mature,165,57,6.12,2824,3.09,22,NA,NA,NA,372.67,5.69,-5.28,-9.31,-77.1,NA,NA,NA,NA,NA,NA,NA,NA,NA,NA,NA,w,NA,NA,3.84,34.7,NA,NA,NA,112.72,0.9,8.93,13.83,82.93,58.97,NA,2444.02,0.03,0,5.02,NA,,1.43,4.68,0.03,3.11,0.06,,,0.13
CR17_SL_S,CR17,SL170214,SL,Santa Lucia,S,10.290599,-84.972435,NA,Forearc,NA,Mature,165,57,6.12,2824,3.09,22,NA,NA,NA,372.67,5.69,-5.28,-9.31,-77.1,NA,NA,NA,NA,NA,NA,NA,NA,NA,NA,NA,w,NA,NA,3.84,34.7,NA,NA,NA,112.72,0.9,8.93,13.83,82.93,58.97,NA,2444.02,0.03,0,5.02,NA,,761.3,153.8,,36,72.2,,,165.3
CR17_TC_F,CR17,TC170221,TC1,El Tucano bubbling site,F,10.366486,-84.381208,NA,Arc,NA,Mature,553,60,6.24,3500,3.91,18.7,NA,NA,NA,627.65,13.57,-2.36,-6.33,-52.9,965.4,0,0.01,0,0.23,0.63,32.74,0.94,0,-4.54,NA,g,4.41,6.51,6.57,76.54,24.38,24030181238.29,94200,329.13,0,55.61,59.14,37.53,728.67,NA,1.37,0.05,NA,0.06,0,,7.41,1.24,0.03,1.85,0.14,,,0.37
CR17_TC_S,CR17,TC170221,TC1,El Tucano bubbling site,S,10.366486,-84.381208,NA,Arc,NA,Mature,553,60,6.24,3500,3.91,18.7,NA,NA,NA,627.65,13.57,-2.36,-6.33,-52.9,965.4,0,0.01,0,0.23,0.63,32.74,0.94,0,-4.54,NA,g,4.41,6.51,6.57,76.54,24.38,24030181238.29,94200,329.13,0,55.61,59.14,37.53,728.67,NA,1.37,0.05,NA,0.06,0,,2243.4,118.1,,34.3,255.5,,,532.1
CR18_BC_F,CR18,BC180410,BC,Los Bajos the Corera (aka shit pool),F,8.806037,-79.790968,NA,Arc,NA,Mature,18,31.8,7.5,18475,23.87,51,NA,NA,NA,NA,56.85,2.34,NA,NA,996.84,NA,0,0,1.61,0.08,1.45,0.03,0,-4.25,NA,g,0.01,2.01,4,1.51,0.48,54591379452165.7,NA,56.46,NA,1.52,2.09,0.27,165.54,NA,0.14,NA,NA,0.42,NA,,,,,,,,,
CR18_BS_F,CR18,BS180407,BS,Bajo Mendez Spring,F,8.66645,-82.3491,NA,Forearc,NA,Peripheral,360,40.9,9.05,2833,3.1,20,NA,NA,NA,NA,NA,NA,NA,NA,NA,NA,NA,NA,NA,NA,NA,NA,NA,NA,NA,w,22.34,0.27,0.06,4.44,1.42,NA,NA,8.53,NA,0.08,0.07,5.24,NA,NA,NA,NA,NA,NA,NA,,,,,,,,,
CR18_BW_F,CR18,BW180407,BW,Bajo Mendez Well,F,8.66581,-82.34867,NA,Forearc,NA,Peripheral,NA,43.2,9.05,2852,3.13,3,NA,NA,NA,NA,0.36,-14.14,NA,NA,0,NA,0.78,0.01,28.45,7.5,962.89,0.38,0,NA,NA,NA,NA,NA,NA,NA,NA,NA,NA,NA,NA,NA,NA,NA,NA,NA,NA,NA,NA,NA,NA,,,,,,,,,
CR18_CH_F,CR18,CH180410,CH,Chiguiri Abajo,F,8.70508,-80.26919,NA,Arc,NA,Mature,216,31.1,7,12275,15.3,41,NA,NA,NA,NA,37.97,2.01,NA,NA,984.52,NA,0.02,0,1.87,0.38,13.16,0.05,0,NA,NA,g,13.08,6.37,6.38,332.4,105.9,8441066525.26,NA,72.42,NA,1.6,1.64,2.05,74.96,NA,0.07,NA,NA,16.87,NA,,,,,,,,,
CR18_CH_S,CR18,CH180410,CH,Chiguiri Abajo,S,8.70508,-80.26919,NA,Arc,NA,Mature,216,31.1,7,12275,15.3,41,NA,NA,NA,NA,37.97,2.01,NA,NA,984.52,NA,0.02,0,1.87,0.38,13.16,0.05,0,NA,NA,g,13.08,6.37,6.38,332.4,105.9,8441066525.26,NA,72.42,NA,1.6,1.64,2.05,74.96,NA,0.07,NA,NA,16.87,NA,,,,,,,,,
CR18_CI_F,CR18,CI180408,CI,Coiba Island,F,7.44104,-81.73277,NA,Forearc,NA,Volcanic,50,48.3,9,1099,1.11,18,NA,NA,NA,NA,0.12,-14.23,NA,NA,944.55,NA,0,0,10.3,0.63,44.43,0.08,0,NA,NA,g,34.65,1.26,1.31,6.66,2.12,15452325334.55,NA,8.76,0.32,0.06,0.26,0.51,2.31,NA,0,NA,NA,3.51,NA,,,,,,,,,
CR18_CI_S,CR18,CI180408,CI,Coiba Island,S,7.44104,-81.73277,NA,Forearc,NA,Volcanic,50,48.3,9,1099,1.11,18,NA,NA,NA,NA,0.12,-14.23,NA,NA,944.55,NA,0,0,10.3,0.63,44.43,0.08,0,NA,NA,g,34.65,1.26,1.31,6.66,2.12,15452325334.55,NA,8.76,0.32,0.06,0.26,0.51,2.31,NA,0,NA,NA,3.51,NA,,,,,,,,,
CR18_CL_F,CR18,CL180409,CL,Calobre,F,8.40448,-80.80375,NA,Arc,NA,Volcanic,289,50.9,7.5,2960,3.26,29,NA,NA,NA,NA,0.74,-5.29,NA,NA,17.58,NA,0.5,0,4.78,11.18,963.45,2.52,0,0,NA,g,447.77,8.78,8.86,102.27,32.58,3193287.79,NA,19.36,NA,0.15,0.38,3.99,6.93,NA,0,NA,NA,9.98,NA,,,,,,,,,
CR18_CV_F,CR18,CV180410,CV,Casa Valmor,F,8.5992,-80.13162,NA,Arc,NA,Mature,639,34.9,7.46,3369,3.75,14,NA,NA,NA,NA,0.89,-1.14,NA,NA,924.59,NA,0.02,0,0.69,1.65,73.04,0.02,0,-3.65,NA,w,NA,8.22,8.37,NA,NA,NA,NA,15.05,0.76,0.17,2.43,0.58,21.93,NA,0.02,NA,NA,0.19,NA,,,,,,,,,
CR18_CV_S,CR18,CV180410,CV,Casa Valmor,S,8.5992,-80.13162,NA,Arc,NA,Mature,639,34.9,7.46,3369,3.75,14,NA,NA,NA,NA,0.89,-1.14,NA,NA,924.59,NA,0.02,0,0.69,1.65,73.04,0.02,0,-3.65,NA,w,NA,8.22,8.37,NA,NA,NA,NA,15.05,0.76,0.17,2.43,0.58,21.93,NA,0.02,NA,NA,0.19,NA,,,,,,,,,
CR18_CW_F,CR18,CW180415,CW,Cauhita Well,F,9.735746,-82.825737,NA,Backarc,NA,Mature,8,NA,NA,NA,NA,NA,NA,NA,NA,NA,NA,NA,NA,NA,54.45,NA,0.01,0.02,10.98,1.71,99.2,833.63,0,NA,NA,g,4.48,2.05,2.1,22.78,7.26,4233484717.63,NA,45.21,0.45,0.19,0.6,0.74,40,NA,0.12,NA,NA,0.15,NA,,,,,,,,,
CR18_CW_S,CR18,CW180415,CW,Cauhita Well,S,9.735746,-82.825737,NA,Backarc,NA,Mature,8,NA,NA,NA,NA,NA,NA,NA,NA,NA,NA,NA,NA,NA,54.45,NA,0.01,0.02,10.98,1.71,99.2,833.63,0,NA,NA,g,4.48,2.05,2.1,22.78,7.26,4233484717.63,NA,45.21,0.45,0.19,0.6,0.74,40,NA,0.12,NA,NA,0.15,NA,,,,,,,,,
CR18_CZ_F,CR18,CZ180409,CZ,Salitral Carrizal,F,7.71407,-81.28832,NA,Arc,NA,Peripheral,60,26.3,10,250,0.22,11,NA,NA,NA,NA,0.86,-13.62,NA,NA,937.64,NA,0,0,4.88,2.01,55.44,0.03,0,-17.08,NA,w,NA,NA,NA,NA,NA,NA,NA,3.36,0.08,0.06,0.27,0.78,0.03,NA,0,NA,NA,0.09,NA,,,,,,,,,
CR18_ER_F,CR18,ER180415,ER,Rio Blanco Er Resbala,F,9.938223,-83.161331,NA,Backarc,NA,Mature,89,NA,NA,NA,NA,NA,NA,NA,NA,NA,NA,NA,NA,NA,0,NA,0.41,0.08,215.43,9.79,774.03,0.26,0,NA,NA,w,NA,6.5,6.5,NA,NA,NA,NA,7.93,0.15,0.07,0.38,1.46,12.52,NA,0.01,NA,NA,0.43,NA,,,,,,,,,
CR18_ER_S,CR18,ER180415,ER,Rio Blanco Er Resbala,S,9.938223,-83.161331,NA,Backarc,NA,Mature,89,NA,NA,NA,NA,NA,NA,NA,NA,NA,NA,NA,NA,NA,0,NA,0.41,0.08,215.43,9.79,774.03,0.26,0,NA,NA,w,NA,6.5,6.5,NA,NA,NA,NA,7.93,0.15,0.07,0.38,1.46,12.52,NA,0.01,NA,NA,0.43,NA,,,,,,,,,
CR18_GE_S,CR18,GE180403,GE,Gevi,S,9.194833,-83.280806,NA,Forearc,NA,NA,456,35.8,7.8,479,0.45,85,NA,NA,NA,NA,1.22,-18.15,NA,NA,918.72,NA,0,0,26.49,1.65,53.15,0,0,-15.33,NA,w,NA,NA,NA,NA,NA,NA,NA,77.71,21.45,1.61,6.94,2.03,1.08,NA,0,NA,NA,1.16,NA,,,,,,,,,
CR18_HA_F,CR18,HA180403,HA,Hattillo (Agua Caliente Quepos),F,9.36022,-83.91664,NA,Forearc,NA,Mature,118,33,8.9,4363,4.97,26,NA,NA,NA,NA,0.12,-21.19,NA,NA,31.24,NA,0.42,0.07,31.21,6.9,930.08,0.31,0,<dl,NA,g,484.13,1.67,1.67,330.52,105.3,27603429.59,NA,20.43,0.25,0.24,1.34,7.12,27.38,NA,0.02,NA,NA,9.88,NA,,,,,,,,,
CR18_LB_F,CR18,LB180410,LB,Los Bajos,F,8.80736,-79.79061,NA,Arc,NA,Peripheral,26,34.8,NA,19528,25.35,70,NA,NA,NA,NA,17.74,3.55,NA,NA,NA,NA,NA,NA,NA,NA,NA,NA,NA,NA,NA,w,NA,NA,NA,NA,NA,NA,NA,135.06,NA,2.69,4.5,0.42,NA,NA,NA,NA,NA,NA,NA,,,,,,,,,
CR18_LB_S,CR18,LB180410,LB,Los Bajos,S,8.80736,-79.79061,NA,Arc,NA,Peripheral,26,34.8,NA,19528,25.35,70,NA,NA,NA,NA,17.74,3.55,NA,NA,NA,NA,NA,NA,NA,NA,NA,NA,NA,NA,NA,w,NA,NA,NA,NA,NA,NA,NA,135.06,NA,2.69,4.5,0.42,NA,NA,NA,NA,NA,NA,NA,,,,,,,,,
CR18_LE_F,CR18,LE180416,LE,Las Estrella,F,10.427103,-84.368543,NA,Arc,NA,Mature,153,NA,NA,NA,NA,NA,NA,NA,NA,NA,NA,NA,NA,NA,NA,NA,NA,NA,NA,NA,NA,NA,NA,NA,NA,w,NA,NA,NA,NA,NA,NA,NA,11.37,0.27,0.62,2.4,14.06,17.56,NA,0.02,NA,NA,0.38,NA,,,,,,,,,
CR18_LE_S,CR18,LE180416,LE,Las Estrella,S,10.427103,-84.368543,NA,Arc,NA,Mature,153,NA,NA,NA,NA,NA,NA,NA,NA,NA,NA,NA,NA,NA,NA,NA,NA,NA,NA,NA,NA,NA,NA,NA,NA,w,NA,NA,NA,NA,NA,NA,NA,11.37,0.27,0.62,2.4,14.06,17.56,NA,0.02,NA,NA,0.38,NA,,,,,,,,,
CR18_LH_F,CR18,LH180406,LH,Los Pozos Thermales (hot),F,8.87095,-82.6899,NA,Forearc,NA,Peripheral,1676,55.4,6.7,7100,8.43,12,NA,NA,NA,NA,33.54,-2.2,NA,NA,997.33,NA,0,0,0.57,0.05,2.04,0,0,NA,NA,g,0.03,7.48,7.62,45.58,14.52,2913199250395.63,NA,31.02,NA,1.26,0.65,0.43,37.97,NA,0.03,NA,NA,2.53,NA,,,,,,,,,
CR18_LH_S,CR18,LH180406,LH,Los Pozos Thermales (hot),S,8.87095,-82.6899,NA,Forearc,NA,Peripheral,1676,55.4,6.7,7100,8.43,12,NA,NA,NA,NA,33.54,-2.2,NA,NA,997.33,NA,0,0,0.57,0.05,2.04,0,0,NA,NA,g,0.03,7.48,7.62,45.58,14.52,2913199250395.63,NA,31.02,NA,1.26,0.65,0.43,37.97,NA,0.03,NA,NA,2.53,NA,,,,,,,,,
CR18_LP_F,CR18,LP180406,LP,Los Pozos Thermales (warm),F,8.86966,-82.69282,NA,Forearc,NA,Peripheral,1651,39.1,6.5,5100,5.88,32,NA,NA,NA,NA,31.33,-1.47,NA,NA,991.25,NA,0,0,1.89,0.07,6.79,0,0,NA,NA,g,0.14,6.34,7,9.11,2.9,794232194344.08,NA,30.18,0.18,1.49,0.94,1.36,30.45,NA,0.02,NA,NA,1.74,NA,,,,,,,,,
CR18_LW_F,CR18,LP180406,LP,Los Pozos Thermales (warm),F,8.86966,-82.69282,NA,Forearc,NA,Peripheral,1651,39.1,6.5,5100,5.88,32,NA,NA,NA,NA,31.33,-1.47,NA,NA,991.25,NA,0,0,1.89,0.07,6.79,0,0,NA,NA,g,0.14,6.34,7,9.11,2.9,794232194344.08,NA,30.18,0.18,1.49,0.94,1.36,30.45,NA,0.02,NA,NA,1.74,NA,,,,,,,,,
CR18_LW_S,CR18,LW180405,LW,Laurel,S,8.44119,-82.90487,NA,Outer Forearc,NA,Peripheral,32,31.5,7.1,574,0.55,3.5,NA,NA,NA,NA,7.11,-2.95,NA,NA,816.92,NA,0.01,0.04,3.68,0.64,21.13,157.58,0,-9.13,NA,w,NA,NA,1.2,NA,NA,NA,NA,1.97,0.17,0.26,0.76,0.48,0.15,NA,NA,NA,NA,0.01,NA,,,,,,,,,
CR18_MC_F,CR18,MC180404,MC,Montecarlo - Bernardino,F,9.34391,-83.59565,NA,Forearc,NA,Mature,812,31.8,9.6,2176,2.33,23,NA,NA,NA,NA,0.04,-14.31,NA,NA,0,NA,0.22,0.16,16.02,15.53,967.44,0.63,0,0,NA,w,NA,NA,2.36,NA,NA,NA,NA,13.81,NA,0.09,0.06,3.54,20.06,NA,0.02,NA,NA,4.94,NA,,,,,,,,,
CR18_MC_S,CR18,MC180404,MC,Montecarlo - Bernardino,S,9.34391,-83.59565,NA,Forearc,NA,Mature,812,31.8,9.6,2176,2.33,23,NA,NA,NA,NA,0.04,-14.31,NA,NA,0,NA,0.22,0.16,16.02,15.53,967.44,0.63,0,0,NA,w,NA,NA,2.36,NA,NA,NA,NA,13.81,NA,0.09,0.06,3.54,20.06,NA,0.02,NA,NA,4.94,NA,,,,,,,,,
CR18_PS_S,CR18,PS180405,PS,Playa Sandalo,S,8.57554,-83.36416,NA,Outer Forearc,NA,NA,2,33,8.2,49159,69.2,122,NA,NA,NA,NA,3.18,-9.32,NA,NA,81.61,NA,0,0.02,2.77,1.07,50.33,864.2,0,0,NA,g,0.17,1.55,3.26,1.32,0.42,223424734036.17,NA,345.81,NA,7.06,34.79,7.12,NA,NA,NA,NA,NA,NA,NA,,,,,,,,,
CR18_PX_S,CR18,PX180416,PX,Praxair well 24,S,10.488755,-84.113598,NA,Backarc,NA,NA,68,NA,NA,NA,NA,NA,NA,NA,NA,NA,NA,NA,NA,NA,943.73,NA,0,0,11.85,0.35,44.06,0,0,NA,NA,g,1.15,6.52,7.81,5.26,1.68,90260341366.3,NA,2.19,0.12,0.18,2.89,11.15,16.78,NA,0.02,NA,NA,0.57,NA,,,,,,,,,
CR18_RC_F,CR18,RC180404,RC,Ujarassa,F,9.30283,-83.29782,NA,Forearc,NA,Peripheral,943,60,7.7,2600,2.83,45,NA,NA,NA,NA,1.07,-5.37,NA,NA,777.63,NA,0.04,0,0.13,2.99,214.85,4.37,0,-13.23,NA,NA,NA,NA,NA,NA,NA,NA,NA,15.9,0.25,0.2,0.21,1.81,NA,NA,NA,NA,NA,NA,NA,,,,,,,,,
CR18_RC_S,CR18,RC180404,RC,Ujarassa,S,9.30283,-83.29782,NA,Forearc,NA,Peripheral,943,60,7.7,2600,2.83,45,NA,NA,NA,NA,1.07,-5.37,NA,NA,777.63,NA,0.04,0,0.13,2.99,214.85,4.37,0,-13.23,NA,NA,NA,NA,NA,NA,NA,NA,NA,15.9,0.25,0.2,0.21,1.81,NA,NA,NA,NA,NA,NA,NA,,,,,,,,,
CR18_RR_F,CR18,RR180407,RR,Rockslide,F,8.63591,-82.22369,NA,Forearc,NA,Peripheral,792,41.3,NA,2332,2.51,73,NA,NA,NA,NA,0.32,-18.14,NA,NA,0,NA,0.02,0.03,221.42,9.86,768.65,0.03,0,NA,NA,w,NA,NA,NA,NA,NA,NA,NA,8.96,0.14,0.11,0.09,5.84,NA,NA,NA,NA,NA,NA,NA,,,,,,,,,
CR18_SC_F,CR18,RR180407,RR,Rockslide,F,8.63591,-82.22369,NA,Forearc,NA,Peripheral,792,41.3,NA,2332,2.51,73,NA,NA,NA,NA,0.32,-18.14,NA,NA,0,NA,0.02,0.03,221.42,9.86,768.65,0.03,0,NA,NA,w,NA,NA,NA,NA,NA,NA,NA,8.96,0.14,0.11,0.09,5.84,NA,NA,NA,NA,NA,NA,NA,,,,,,,,,
CR18_SC_S,CR18,SC180411,SC,El Salao Campollano,S,8.15755,-81.13097,NA,Arc,NA,Peripheral,136,29.9,6.5,40605,56.21,30,NA,NA,NA,NA,58.45,3.34,NA,NA,NA,NA,NA,NA,NA,NA,NA,NA,NA,NA,NA,g,0.01,6.22,7.59,4.8,1.53,NA,NA,255.19,NA,6.82,4.43,10.98,NA,NA,NA,NA,NA,NA,NA,,,,,,,,,
CR18_XF_F,CR18,XF180416,XF,Praxair well 19,F,10.485523,-84.113229,NA,Backarc,NA,Peripheral,74,NA,NA,NA,NA,NA,NA,NA,NA,NA,NA,NA,NA,NA,NA,NA,NA,NA,NA,NA,NA,NA,NA,-3.54,NA,g,3.79,7.59,7.81,202.98,64.67,NA,NA,15.53,0.2,0.67,3.59,4.67,NA,NA,NA,NA,NA,NA,NA,,,,,,,,,
CR18_XF_S,CR18,XF180416,XF,Praxair well 19,S,10.485523,-84.113229,NA,Backarc,NA,Peripheral,74,NA,NA,NA,NA,NA,NA,NA,NA,NA,NA,NA,NA,NA,NA,NA,NA,NA,NA,NA,NA,NA,NA,-3.54,NA,g,3.79,7.59,7.81,202.98,64.67,NA,NA,15.53,0.2,0.67,3.59,4.67,NA,NA,NA,NA,NA,NA,NA,,,,,,,,,
CR18_YR_F,CR18,YR180404,YR,Yheri,F,9.19492,-83.28059,NA,Forearc,NA,Peripheral,469,26,8.9,4060,4.59,10,NA,NA,NA,NA,0.06,-21.07,NA,NA,NA,NA,NA,NA,NA,NA,NA,NA,NA,-19.34,NA,w,NA,NA,2.87,NA,NA,NA,NA,28.9,NA,0.28,0.28,7.51,NA,NA,NA,NA,NA,NA,NA,,,,,,,,,
CR19_AC_F,CR19,ac190614,AC,acapulco,F,10.160508,-84.853472,NA,NA,NA,Volcanic,NA,72,7,5.1435,0,NA,NA,200,NA,NA,NA,-6.32,NA,NA,NA,NA,NA,NA,NA,NA,NA,NA,NA,NA,NA,NA,NA,NA,NA,NA,NA,NA,NA,356.833,NA,10.467,0.881,97.097,300.166,NA,0.88,NA,NA,398.516,NA,,,,,,,,,
CR19_AC_S,CR19,ac190614,AC,acapulco,S,10.160508,-84.853472,NA,NA,NA,Volcanic,NA,72,7,5.1435,0,NA,NA,200,NA,NA,NA,-6.32,NA,NA,NA,NA,NA,NA,NA,NA,NA,NA,NA,NA,NA,NA,NA,NA,NA,NA,NA,NA,NA,356.833,NA,10.467,0.881,97.097,300.166,NA,0.88,NA,NA,398.516,NA,,,,,,,,,
CR19_BQ_F,CR19,bq190717,BQ,borinquen,F,10.810506,-85.413628,NA,NA,NA,Volcanic,NA,96.1,3.38,5.1435,0,NA,NA,0,NA,NA,NA,-9.39,NA,NA,NA,NA,NA,NA,NA,NA,NA,NA,NA,NA,NA,NA,NA,NA,NA,NA,NA,NA,NA,14.345,52.207,7.676,20.894,102.243,3.144,NA,NA,NA,NA,706.177,NA,,,,,,,,,
CR19_BR1_S,CR19,br1_190716,BR1,blue_river1,S,10.899661,-85.328442,NA,NA,NA,NA,NA,61.6,6.26,9.92688,3.5,NA,NA,700,NA,NA,NA,2.07,NA,NA,NA,NA,NA,NA,NA,NA,NA,NA,NA,NA,NA,NA,NA,NA,NA,NA,NA,NA,NA,371.588,0.135,130.628,310.679,317.235,1223.578,NA,3.233,NA,NA,842.694,NA,,,,,,,,,
CR19_BR2_S,CR19,br2_190717,BR2,blue_river2,S,10.899477,-85.328492,NA,NA,NA,NA,NA,50.8,6.6,9.24354,3,NA,NA,500,NA,NA,NA,1.11,NA,NA,NA,NA,NA,NA,NA,NA,NA,NA,NA,NA,NA,NA,NA,NA,NA,NA,NA,NA,NA,316.342,0.139,110.329,263.682,324.751,1013.441,NA,2.747,NA,NA,709.838,NA,,,,,,,,,
CR19_EP_F,CR19,ep190616,EP,espabel,F,9.902051,-85.454303,NA,NA,NA,Volcanic,NA,27,8.5,5.1435,0,NA,NA,200,NA,NA,NA,-20.56,NA,NA,NA,NA,NA,NA,NA,NA,NA,NA,NA,NA,NA,NA,NA,NA,NA,NA,NA,NA,NA,37.141,NA,0.982,1.03,4.553,1.49,NA,NA,NA,NA,4.014,NA,,,,,,,,,
CR19_EP_S,CR19,ep190616,EP,espabel,S,9.902051,-85.454303,NA,NA,NA,Volcanic,NA,27,8.5,5.1435,0,NA,NA,200,NA,NA,NA,-20.56,NA,NA,NA,NA,NA,NA,NA,NA,NA,NA,NA,NA,NA,NA,NA,NA,NA,NA,NA,NA,NA,37.141,NA,0.982,1.03,4.553,1.49,NA,NA,NA,NA,4.014,NA,,,,,,,,,
CR19_ET_S,CR19,et190718,ET,ecotermales,S,10.483902,-84.6749,NA,NA,NA,NA,NA,41.4,6.19,5.1435,0,NA,NA,300,NA,NA,NA,-5.15,NA,NA,NA,NA,NA,NA,NA,NA,NA,NA,NA,NA,NA,NA,NA,NA,NA,NA,NA,NA,NA,154.763,0.687,27.349,95.459,82.062,280.265,NA,NA,0.235,NA,252.817,NA,,,,,,,,,
CR19_GU_F,CR19,gu190718,GU,guarumo,F,10.756286,-85.316214,NA,NA,NA,Volcanic,NA,38.2,5.26,5.1435,0,NA,NA,200,NA,NA,NA,2.83,NA,NA,NA,NA,NA,NA,NA,NA,NA,NA,NA,NA,NA,NA,NA,NA,NA,NA,NA,NA,NA,17.906,-0.041,7.202,14.563,38.055,1.998,NA,NA,NA,NA,81.045,NA,,,,,,,,,
CR19_GU_S,CR19,gu190718,GU,guarumo,S,10.756286,-85.316214,NA,NA,NA,Volcanic,NA,38.2,5.26,5.1435,0,NA,NA,200,NA,NA,NA,2.83,NA,NA,NA,NA,NA,NA,NA,NA,NA,NA,NA,NA,NA,NA,NA,NA,NA,NA,NA,NA,NA,17.906,-0.041,7.202,14.563,38.055,1.998,NA,NA,NA,NA,81.045,NA,,,,,,,,,
CR19_LP_F,CR19,lp190617,LP,las_pailas,F,10.77183,-85.343256,NA,NA,NA,Volcanic,NA,91,1.5,5.1435,0,NA,NA,0,NA,NA,NA,-3.23,NA,NA,NA,NA,NA,NA,NA,NA,NA,NA,NA,NA,NA,NA,NA,NA,NA,NA,NA,NA,NA,4.311,NA,2.121,5.667,10.851,0.351,NA,NA,NA,NA,1229.124,NA,,,,,,,,,
CR19_LR_S,CR19,lr190628,LR,la_lecheria,S,10.003062,-83.83096,NA,NA,NA,NA,NA,35.2,4.5,7.87686,2,NA,NA,200,NA,NA,NA,-5.09,NA,NA,NA,NA,NA,NA,NA,NA,NA,NA,NA,NA,NA,NA,NA,NA,NA,NA,NA,NA,NA,43.754,0.099,10.177,82.946,380.003,27.496,NA,NA,NA,NA,1331.2,NA,,,,,,,,,
CR19_RCA_F,CR19,rc_a190612,RC_A,rio_cuarto,F,10.355752,-84.213333,NA,NA,NA,Mature,NA,NA,6.49,7.19352,1.5,NA,NA,200,NA,NA,NA,1.72,NA,NA,NA,NA,NA,NA,NA,NA,NA,NA,NA,NA,NA,NA,NA,NA,NA,NA,NA,NA,NA,13.323,11.738,4.011,6.39,17.356,4.155,NA,NA,NA,NA,NA,NA,,,,,,,,,
CR19_RCB_F,CR19,rc_b190612,RC_B,rio_cuarto,F,10.355752,-84.213333,NA,NA,NA,Mature,NA,NA,7.06,7.19352,1.5,NA,NA,180,NA,NA,NA,0.15,NA,NA,NA,NA,NA,NA,NA,NA,NA,NA,NA,NA,NA,NA,NA,NA,NA,NA,NA,NA,NA,5.736,8.458,2.843,5.902,16.118,1.495,NA,NA,NA,NA,NA,NA,,,,,,,,,
CR19_RCC_F,CR19,rc_c190612,RC_C,rio_cuarto,F,10.355752,-84.213333,NA,NA,NA,Mature,NA,NA,8.1,7.19352,1.5,NA,NA,400,NA,NA,NA,-7.59,NA,NA,NA,NA,NA,NA,NA,NA,NA,NA,NA,NA,NA,NA,NA,NA,NA,NA,NA,NA,NA,5.169,NA,1.996,4.816,13.773,1.634,NA,NA,NA,NA,NA,NA,,,,,,,,,
CR19_RCD_F,CR19,rc190801,RC_D,rio_cuarto,F,10.355752,-84.213333,NA,NA,NA,Mature,NA,28.5,6.57,7.19352,1.5,NA,NA,300,NA,NA,NA,1.13,NA,NA,NA,NA,NA,NA,NA,NA,NA,NA,NA,NA,NA,NA,NA,NA,NA,NA,NA,NA,NA,8.2,14.972,4.036,6.356,17.536,1.753,NA,NA,NA,NA,NA,NA,,,,,,,,,
CR19_RCF_F,CR19,rc190801,RC_F,rio_cuarto,F,10.355752,-84.213333,NA,NA,NA,Mature,NA,31.5,7.32,7.19352,1.5,NA,NA,300,NA,NA,NA,-8.62,NA,NA,NA,NA,NA,NA,NA,NA,NA,NA,NA,NA,NA,NA,NA,NA,NA,NA,NA,NA,NA,5.172,NA,2.379,4.946,13.865,1.647,NA,NA,NA,NA,NA,NA,,,,,,,,,
CR19_SA_F,CR19,sa190716,SA,sensorial_santuarium,F,10.86416,85.32532,NA,NA,NA,Volcanic,NA,31.8,4.13,7.87686,2,NA,NA,NA,NA,NA,NA,NA,NA,NA,NA,NA,NA,NA,NA,NA,NA,NA,NA,NA,NA,NA,NA,NA,NA,NA,NA,NA,NA,91.198,0.317,15.15,91.985,198.545,486.83,NA,1.253,0.039,NA,581.494,NA,,,,,,,,,
CR19_SG_F,CR19,sg190719,SG,the_springs,F,10.519083,-84.68817,NA,NA,NA,Mature,NA,36.1,6.13,5.82684,0.5,NA,NA,600,NA,NA,NA,0.34,NA,NA,NA,NA,NA,NA,NA,NA,NA,NA,NA,NA,NA,NA,NA,NA,NA,NA,NA,NA,NA,297.159,0.584,24.1,46.491,34.337,332.319,NA,1.01,NA,NA,NA,NA,,,,,,,,,
CR19_SG_S,CR19,sg190719,SG,the_springs,S,10.519083,-84.68817,NA,NA,NA,Mature,NA,36.1,6.13,5.82684,0.5,NA,NA,600,NA,NA,NA,0.34,NA,NA,NA,NA,NA,NA,NA,NA,NA,NA,NA,NA,NA,NA,NA,NA,NA,NA,NA,NA,NA,297.159,0.584,24.1,46.491,34.337,332.319,NA,1.01,NA,NA,NA,NA,,,,,,,,,
CR19_SL_S,CR19,sl190717,SL,salitral_lilas,S,10.803713,-85.468024,NA,NA,NA,NA,NA,55.3,6.36,10.61022,4,NA,NA,400,NA,NA,NA,0.37,NA,NA,NA,NA,NA,NA,NA,NA,NA,NA,NA,NA,NA,NA,NA,NA,NA,NA,NA,NA,NA,1604.223,NA,157.22,17.205,172.042,2843.145,NA,8.628,NA,NA,49.988,NA,,,,,,,,,
Fenix21_BA_F,FENIX21,BA211229,BA,bagnone,F,43.181228,10.832435,NA,NA,NA,NA,346,64,7,0,0,NA,NA,NA,NA,NA,NA,NA,NA,NA,NA,NA,NA,NA,NA,NA,NA,NA,NA,NA,NA,NA,NA,NA,NA,NA,NA,NA,NA,NA,0.101,9.206,NA,NA,19.148,NA,NA,NA,NA,22.084,NA,,,,,,,,,
Fenix21_BA_S,FENIX21,BA211229,BA,bagnone,S,43.181228,10.832435,NA,NA,NA,NA,346,64,7,0,0,NA,NA,NA,NA,NA,NA,NA,NA,NA,NA,NA,NA,NA,NA,NA,NA,NA,NA,NA,NA,NA,NA,NA,NA,NA,NA,NA,NA,NA,0.101,9.206,NA,NA,19.148,NA,NA,NA,NA,22.084,NA,,,,,,,,,
Fenix21_CA_F,FENIX21,CA211015,CA,acqua_cantani,F,40.651412,15.229173,NA,NA,NA,Peripheral,159,17.48,6.34,2.757,1.44,NA,NA,1200,NA,NA,1464,3.92,NA,NA,NA,NA,NA,NA,NA,NA,NA,NA,NA,NA,NA,NA,NA,NA,NA,NA,NA,NA,NA,79.426,0.623,10.974,49.476,334.673,89.761,NA,1.059,NA,NA,29.12,NA,2.597,13.565,62.283,0.019,1.569,,,,
Fenix21_CF_F,FENIX21,CF210924,CF,terme_caracciolo_forte,F,41.314806,13.891273,NA,NA,NA,Peripheral,62,53,5.36,3.067,1.56,NA,4.26,1400,NA,NA,1708,6.57,NA,NA,NA,NA,NA,NA,NA,NA,NA,NA,NA,NA,NA,NA,NA,NA,NA,NA,NA,NA,NA,201.501,4.362,61.837,134.881,248.024,121.69,NA,0.75,NA,NA,454.649,NA,,13.946,17.143,0.014,5.662,,,1.166,
Fenix21_CG_F,FENIX21,CG211015,CG,capasso_geyser,F,40.690045,15.251482,NA,NA,NA,Peripheral,196,47.2,6.51,9.78,5.28,NA,NA,1400,NA,NA,1708,6.76,NA,NA,NA,NA,NA,NA,NA,NA,NA,NA,NA,NA,NA,NA,NA,NA,NA,NA,NA,NA,NA,737.057,14.15,116.495,134.895,186.325,920.004,NA,13.637,NA,NA,220.489,NA,0,4.391,3.128,0.018,1.405,,,3.363,
Fenix21_CG_S,FENIX21,CG211015,CG,capasso_geyser,S,40.690045,15.251482,NA,NA,NA,Peripheral,196,47.2,6.51,9.78,5.28,NA,NA,1400,NA,NA,1708,6.76,NA,NA,NA,NA,NA,NA,NA,NA,NA,NA,NA,NA,NA,NA,NA,NA,NA,NA,NA,NA,NA,737.057,14.15,116.495,134.895,186.325,920.004,NA,13.637,NA,NA,220.489,NA,0,4.391,3.128,0.018,1.405,,,3.363,
Fenix21_FE_F,FENIX21,FE211015,FE,sorgente_ferrata,F,40.651557,15.229379,NA,NA,NA,Peripheral,143,15.22,6.49,1.946,1,NA,NA,800,NA,NA,976,2.7,NA,NA,NA,NA,NA,NA,NA,NA,NA,NA,NA,NA,NA,NA,NA,NA,NA,NA,NA,NA,NA,32.444,0.018,6.538,35.043,142.431,33.37,NA,12.3,0.062,NA,19.499,NA,2.291,1.032,5.741,0.03,2.303,,,,7.503
Fenix21_FE_S,FENIX21,FE211015,FE,sorgente_ferrata,S,40.651557,15.229379,NA,NA,NA,Mature,143,15.22,6.49,1.946,1,NA,NA,800,NA,NA,976,2.7,NA,NA,NA,NA,NA,NA,NA,NA,NA,NA,NA,NA,NA,NA,NA,NA,NA,NA,NA,NA,NA,32.444,0.018,6.538,35.043,142.431,33.37,NA,12.3,0.062,NA,19.499,NA,2.291,1.032,5.741,0.03,2.303,,,,7.503
Fenix21_GA_F,FENIX21,GA211029,GA,grotta_dell'acqua,F,40.825108,14.059695,NA,NA,NA,Mature,0.2,32.6,6.41,16.738,10,NA,NA,800,NA,NA,976,1.43,NA,NA,NA,NA,NA,NA,NA,NA,NA,NA,NA,NA,NA,NA,NA,NA,NA,NA,NA,NA,NA,3181.466,1.705,228.69,17.694,164.884,4862.656,NA,14.892,2.082,NA,149.413,NA,31.556,969.231,3.052,0.136,1.338,,5.979,8.408,
Fenix21_GA_S,FENIX21,GA211029,GA,grotta_dell'acqua,S,40.825108,14.059695,NA,NA,NA,Mature,0.2,32.6,6.41,16.738,10,NA,NA,800,NA,NA,976,1.43,NA,NA,NA,NA,NA,NA,NA,NA,NA,NA,NA,NA,NA,NA,NA,NA,NA,NA,NA,NA,NA,3181.466,1.705,228.69,17.694,164.884,4862.656,NA,14.892,2.082,NA,149.413,NA,31.556,969.231,3.052,0.136,1.338,,5.979,8.408,
Fenix21_LS_F,FENIX21,LS211029,LS,lido_scoglio,F,40.82538,14.077299,NA,NA,NA,Mature,0,47.8,6.12,33.106,21,NA,NA,600,NA,NA,732,2.4,NA,NA,NA,NA,NA,NA,NA,NA,NA,NA,NA,NA,NA,NA,NA,NA,NA,NA,NA,NA,NA,7005.029,2.629,357.211,170.733,358.073,11687.571,NA,34.487,3.456,NA,655.519,NA,20.677,3659.388,16.117,0.932,3.628,,10.426,9.134,41.174
Fenix21_LS_S,FENIX21,LS211029,LS,lido_scoglio,S,40.82538,14.077299,NA,NA,NA,Peripheral,0,47.8,6.12,33.106,21,NA,NA,600,NA,NA,732,2.4,NA,NA,NA,NA,NA,NA,NA,NA,NA,NA,NA,NA,NA,NA,NA,NA,NA,NA,NA,NA,NA,7005.029,2.629,357.211,170.733,358.073,11687.571,NA,34.487,3.456,NA,655.519,NA,20.677,3659.388,16.117,0.932,3.628,,10.426,9.134,41.174
Fenix21_ML_F,FENIX21,ML210924,ML,madonna_dei_lattani,F,41.302894,13.984734,NA,NA,NA,Volcanic,850,15,8.6,0.22,0.11,NA,4.27,200,NA,NA,244,-15.08,NA,NA,NA,NA,NA,NA,NA,NA,NA,NA,NA,NA,NA,NA,NA,NA,NA,NA,NA,NA,NA,10.171,0.001,3.017,4.07,14.523,8.67,NA,0.085,0.006,NA,1.334,NA,2.372,,1.08,0.006,1.597,,,,18.808
Fenix21_PI_F,FENIX21,PI210924,PI,piccolo_inferno,F,41.314487,13.894006,NA,NA,NA,Volcanic,61,29.5,2.13,3.27,1.69,NA,27,0,NA,NA,0,0.06,NA,NA,NA,NA,NA,NA,NA,NA,NA,NA,NA,NA,NA,NA,NA,NA,NA,NA,NA,NA,NA,68.098,0.088,170.958,33.448,117.375,24.89,NA,NA,NA,0.89,3857.569,NA,585.89,4113.78,160438.324,65.541,62.494,,,0.859,455.79
Fenix21_PI_S,FENIX21,PI210924,PI,piccolo_inferno,S,41.314487,13.894006,NA,NA,NA,Volcanic,61,29.5,2.13,3.27,1.69,NA,27,0,NA,NA,0,0.06,NA,NA,NA,NA,NA,NA,NA,NA,NA,NA,NA,NA,NA,NA,NA,NA,NA,NA,NA,NA,NA,68.098,0.088,170.958,33.448,117.375,24.89,NA,NA,NA,0.89,3857.569,NA,585.89,4113.78,160438.324,65.541,62.494,,,0.859,455.79
Fenix21_SI1_F,FENIX21,SI1210715,SI1,hotel_sinuessa_anfora,F,41.140743,13.856239,NA,NA,NA,Peripheral,51,34,5.98,6.555,7.73,10.4,-318,1000,NA,NA,1220,6.3,NA,NA,NA,NA,NA,NA,NA,NA,NA,NA,NA,NA,NA,NA,NA,NA,NA,NA,NA,NA,NA,59.359,0.291,6.614,8.783,15.546,NA,NA,NA,NA,NA,NA,NA,1.123,201.072,339.051,0.066,,,,,
Fenix21_SI1_S,FENIX21,SI1210715,SI1,hotel_sinuessa_anfora,S,41.140743,13.856239,NA,NA,NA,Peripheral,51,34,5.98,6.555,7.73,10.4,-318,1000,NA,NA,1220,6.3,NA,NA,NA,NA,NA,NA,NA,NA,NA,NA,NA,NA,NA,NA,NA,NA,NA,NA,NA,NA,NA,59.359,0.291,6.614,8.783,15.546,NA,NA,NA,NA,NA,NA,NA,1.123,201.072,339.051,0.066,,,,,
Fenix21_SI2_F,FENIX21,SI2210715,SI2,hotel_sinuess_pozzo,F,41.140756,13.85666,NA,NA,NA,Peripheral,53,44,6.27,7.8,9.34,25,-312,1400,NA,NA,1708,5.53,NA,NA,NA,NA,NA,NA,NA,NA,NA,NA,NA,NA,NA,NA,NA,NA,NA,NA,NA,NA,NA,639.874,2.775,67.349,92.136,172.052,840.73,NA,3.18,NA,NA,404.905,NA,0.351,0.785,1.141,,,,,,
Fenix21_SI2_S,FENIX21,SI2210715,SI2,hotel_sinuess_pozzo,S,41.140756,13.85666,NA,NA,NA,Peripheral,53,44,6.27,7.8,9.34,25,-312,1400,NA,NA,1708,5.53,NA,NA,NA,NA,NA,NA,NA,NA,NA,NA,NA,NA,NA,NA,NA,NA,NA,NA,NA,NA,NA,639.874,2.775,67.349,92.136,172.052,840.73,NA,3.18,NA,NA,404.905,NA,0.351,0.785,1.141,,,,,,
Fenix21_SN_F,FENIX21,SN211029,SN,stufe_nerone,F,40.826908,14.076022,NA,NA,NA,Mature,8,63,6.1,33.106,21,NA,NA,400,NA,NA,488,-0.3,NA,NA,NA,NA,NA,NA,NA,NA,NA,NA,NA,NA,NA,NA,NA,NA,NA,NA,NA,NA,NA,6720.794,5.253,279.878,174.164,326.701,11255.129,NA,34.326,1.573,NA,567.924,NA,21.548,1520.668,283.165,0.279,1.783,,13.675,11.115,48.973
Fenix21_SP_F,FENIX21,SP210924,SP,sorgente_petrinum,F,41.125096,13.890296,NA,NA,NA,Peripheral,45,32.5,6.2,0.7,0.55,NA,-565,2000,NA,NA,2440,5.75,NA,NA,NA,NA,NA,NA,NA,NA,NA,NA,NA,NA,NA,NA,NA,NA,NA,NA,NA,NA,NA,NA,421.747,53.658,166.144,NA,886.98,NA,2.506,NA,NA,75.715,NA,0.439,49.866,0.677,0.008,,,,,
Fenix21_SP_S,FENIX21,SP210924,SP,sorgente_petrinum,S,41.125096,13.890296,NA,NA,NA,Peripheral,45,32.5,6.2,0.7,0.55,NA,-565,2000,NA,NA,2440,5.75,NA,NA,NA,NA,NA,NA,NA,NA,NA,NA,NA,NA,NA,NA,NA,NA,NA,NA,NA,NA,NA,NA,421.747,53.658,166.144,NA,886.98,NA,2.506,NA,NA,75.715,NA,0.439,49.866,0.677,0.008,,,,,
Fenix21_VR_S,FENIX21,VR211015,VR,varchera,S,40.705666,15.222618,NA,NA,NA,NA,281,14,5.98,8.85,5,NA,NA,1000,NA,NA,1220,9.07,NA,NA,NA,NA,NA,NA,NA,NA,NA,NA,NA,NA,NA,NA,NA,NA,NA,NA,NA,NA,NA,90.8,0.039,8.217,153.948,693.455,41.6,NA,NA,NA,NA,1678.511,NA,1.615,12745.77,1860.375,0.188,5.567,5.567,,,5.974
ICE21_GN1_F,ICE21,NA,GN1,Gunnuhver,F,63.819344,63.819344,NA,NA,NA,Mature,85,77.9,2.33,21.294,NA,46,NA,NA,NA,NA,NA,NA,NA,NA,NA,NA,NA,NA,NA,NA,NA,NA,NA,NA,NA,NA,NA,NA,NA,NA,NA,NA,NA,1598.963,6.089,172.702,56.709,188.979,2601.025,NA,NA,NA,NA,NA,NA,332.099,1531.931,91035.7,51.874,96.181,0.427,,0.378,560.798
ICE21_GN2_F,ICE21,NA,GN2,Gunnuhver,F,63.819334,63.819334,NA,NA,NA,Mature,86,88,1.25,12.186,NA,106,NA,NA,NA,NA,NA,NA,NA,NA,NA,NA,NA,NA,NA,NA,NA,NA,NA,NA,NA,NA,NA,NA,NA,NA,NA,NA,NA,908.982,9.343,98.771,34.874,93.728,1398.838,NA,NA,NA,NA,NA,NA,147.34,1014.074,68824.49,10.631,31.851,0.609,,,1428.299
ICE21_HV1_F,ICE21,NA,HV1,Hveragerdi,F,64.008117,64.008117,NA,NA,NA,Mature,188,93.5,2.72,2.648,NA,98,NA,NA,NA,NA,NA,NA,NA,NA,NA,NA,NA,NA,NA,NA,NA,NA,NA,NA,NA,NA,NA,NA,NA,NA,NA,NA,NA,8.656,0.059,1.499,44.524,71.753,1.483,NA,NA,NA,NA,NA,NA,7.32,2984.207,2716.633,84.542,108.862,388.341,,,8607.396
ICE21_HV1_S,ICE21,NA,HV1,Hveragerdi,S,64.008117,64.008117,NA,NA,NA,Mature,188,93.5,2.72,2.648,NA,98,NA,NA,NA,NA,NA,NA,NA,NA,NA,NA,NA,NA,NA,NA,NA,NA,NA,NA,NA,NA,NA,NA,NA,NA,NA,NA,NA,8.656,0.059,1.499,44.524,71.753,1.483,NA,NA,NA,NA,NA,NA,7.32,2984.207,2716.633,84.542,108.862,388.341,,,8607.396
ICE21_HV2_F,ICE21,NA,HV2,Hveragerdi,F,64.007062,64.007062,NA,NA,NA,Mature,118,25.7,1.82,1.994,NA,143,NA,NA,NA,NA,NA,NA,NA,NA,NA,NA,NA,NA,NA,NA,NA,NA,NA,NA,NA,NA,NA,NA,NA,NA,NA,NA,NA,19.665,1.419,7.637,68.365,107.216,2.36,NA,NA,NA,NA,NA,NA,1.639,3974.539,39773.37,185.609,352.979,291.097,,,554.983
ICE21_HV2_S,ICE21,NA,HV2,Hveragerdi,S,64.007062,64.007062,NA,NA,NA,Mature,118,25.7,1.82,1.994,NA,143,NA,NA,NA,NA,dic,d13_dic,NA,NA,NA,NA,NA,NA,NA,NA,NA,NA,NA,NA,NA,NA,NA,NA,NA,NA,NA,NA,NA,19.665,1.419,7.637,68.365,107.216,2.36,NA,NA,NA,NA,NA,NA,1.639,3974.539,39773.37,185.609,352.979,291.097,,,554.983
ICE21_KR1_F,ICE21,NA,KR1,Krysuvik,F,63.89546,63.89546,NA,NA,NA,Mature,246,87.5,3.1,2.543,NA,91,NA,NA,NA,NA,NA,NA,NA,NA,NA,NA,NA,NA,NA,NA,NA,NA,NA,NA,NA,NA,NA,NA,NA,NA,NA,NA,NA,6.776,1.444,0.933,9.366,12.009,6.899,NA,NA,NA,NA,NA,NA,96.709,393.608,24728.96,4.93,19.352,1.162,,,1113.279
ICE21_KR1_S,ICE21,NA,KR1,Krysuvik,S,63.89546,63.89546,NA,NA,NA,Mature,246,87.5,3.1,2.543,NA,91,NA,NA,NA,NA,NA,NA,NA,NA,NA,NA,NA,NA,NA,NA,NA,NA,NA,NA,NA,NA,NA,NA,NA,NA,NA,NA,NA,6.776,1.444,0.933,9.366,12.009,6.899,NA,NA,NA,NA,NA,NA,96.709,393.608,24728.96,4.93,19.352,1.162,,,1113.279
ICE21_KR2_F,ICE21,NA,KR2,Krysuvik,F,63.895451,63.895451,NA,NA,NA,Mature,247,93,2.04,3.388,NA,100,NA,NA,NA,NA,NA,NA,NA,NA,NA,NA,NA,NA,NA,NA,NA,NA,NA,NA,NA,NA,NA,NA,NA,NA,NA,NA,NA,5.304,0.619,0.785,5.972,13.196,3.538,NA,NA,NA,NA,NA,NA,80.602,205.366,21148.28,10.493,24.341,0.982,,,944.722
ICE21_KR2_S,ICE21,NA,KR2,Krysuvik,S,63.895451,63.895451,NA,NA,NA,Mature,247,93,2.04,3.388,NA,100,NA,NA,NA,NA,NA,NA,NA,NA,NA,NA,NA,NA,NA,NA,NA,NA,NA,NA,NA,NA,NA,NA,NA,NA,NA,NA,NA,5.304,0.619,0.785,5.972,13.196,3.538,NA,NA,NA,NA,NA,NA,80.602,205.366,21148.28,10.493,24.341,0.982,,,944.722
